{
  "in_distribution": {
    "n": 255,
    "n_pos": 125,
    "precision": 1.0,
    "recall": 1.0,
    "f1": 1.0,
    "roc_auc": 1.0,
    "pr_auc": 1.0,
    "confusion": [
      [
        130,
        0
      ],
      [
        0,
        125
      ]
    ],
    "n_train": 765
  },
  "ood_shift": {
    "n": 480,
    "n_pos": 240,
    "precision": 0.6973684210526315,
    "recall": 0.22083333333333333,
    "f1": 0.33544303797468356,
    "roc_auc": 0.8560243055555556,
    "pr_auc": 0.7790151445851661,
    "confusion": [
      [
        217,
        23
      ],
      [
        187,
        53
      ]
    ]
  }
}